<?xml version="1.0" encoding="UTF-8" ?>
<!DOCTYPE mapper PUBLIC "-//mybatis.org//DTD Mapper 3.0//EN" "http://mybatis.org/dtd/mybatis-3-mapper.dtd">
<mapper namespace="com.dao.UserGrpDao">
    
	<sql id="UserColumns">
	    a.userid AS "userid",
		a.id AS "id",
		a.grpid AS "grpid",
		
	</sql>
	
	<sql id="UserJoins">
	</sql>


	<insert id="insert">
		INSERT INTO sys_user_grp(
		    userid,
			id,
			grpid
			
		) VALUES (
		    #{userid},
			#{id},
			#{grpid}
			
		)
	</insert>

	<select id="getUserList" resultType="com.model.UserGrp">
		SELECT *
		FROM sys_user_grp a where a.userid =#{userid}

	</select>
	
	<select id="getUser" resultType="com.model.UserGrp">
		SELECT *
		FROM sys_user_grp a where a.userid =#{userid} and  a.grpid =#{grpid}

	</select>
	
   <delete id="detUser" >
    delete from sys_user_grp where id =#{id}
  </delete>





	

	
	<!--<update id="update">
		UPDATE send_info SET
			pdf_path = #{pdfPath}
		WHERE id = #{id}
	</update>-->
	
	<!--<update id="delete">
		UPDATE sequence_unit SET 
			del_flag = #{DEL_FLAG_DELETE}
		WHERE id = #{id}
	</update>-->


</mapper>